106/03/31,33996900,6457321080,191.00,192.00,189.00,189.00,-2.50,10225
106/03/30,30716971,5884771607,192.50,193.00,190.50,191.50,,9900
106/03/29,33839400,6501685654,194.50,194.50,191.00,191.50,-3.00,11340
106/03/28,39522318,7662549266,195.00,195.00,192.50,194.50,1.50,9380
106/03/27,29867998,5766195556,194.50,194.50,192.00,193.00,0.50,6963
106/03/24,17722202,3408016684,192.00,193.00,192.00,192.50,-1.00,5225
106/03/23,18831295,3628401625,192.00,193.50,192.00,193.50,,6052
106/03/22,27766559,5349879407,192.50,193.50,191.50,193.50,-1.50,9435
106/03/21,33662234,6523324906,192.00,195.00,191.50,195.00,3.50,13192
106/03/20,16531620,3154243641,191.50,191.50,189.50,191.50,,6790
106/03/17,38698064,7377279160,189.50,191.50,189.00,191.50,1.50,10731
106/03/16,32452964,6143253446,188.00,190.00,188.00,190.00,3.50,15071
106/03/15,14147168,2634475248,185.50,187.00,185.50,186.50,0.50,4952
106/03/14,24373221,4564713486,188.00,188.00,186.00,186.00,-0.50,7773
106/03/13,11025355,2048482530,185.00,186.50,185.00,186.50,3.00,4141
106/03/10,24886297,4569391905,184.00,184.50,183.00,183.50,-1.00,10065
106/03/09,31119469,5750011305,185.50,186.00,184.00,184.50,-2.50,12394
106/03/08,38657077,7217763409,186.00,188.00,185.50,187.00,1.50,9614
106/03/07,22816387,4214029230,184.00,185.50,184.00,185.50,2.00,5824
106/03/06,12633329,2321087036,184.00,184.50,183.50,183.50,-0.50,5831
106/03/03,28213610,5199920850,184.50,185.00,184.00,184.00,-2.00,11570
106/03/02,40879671,7603470296,188.00,188.50,185.00,186.00,,12567
106/03/01,48263273,9041728541,188.50,188.50,186.00,186.00,-3.00,12019
106/02/24,26177021,4945608983,187.50,190.50,187.50,189.00,0.50,7417
106/02/23,36095621,6809495260,188.00,189.50,187.00,188.50,,7885
106/02/22,26144905,4946742296,190.50,191.00,188.50,188.50,-1.50,6199
106/02/21,31987532,6058373156,190.00,190.00,188.50,190.00,,8646
106/02/20,13280401,2523599428,190.00,190.50,189.50,190.00,0.50,6466
106/02/18,3517102,667392778,190.00,190.50,189.50,189.50,,1771
106/02/17,20407880,3870482337,190.00,190.50,189.00,189.50,0.50,7390
106/02/16,28371087,5360502302,190.00,190.50,188.00,189.00,,9035
106/02/15,39928274,7528270012,187.00,189.50,186.50,189.00,1.50,12905
106/02/14,46716940,8798947193,189.00,190.00,187.50,187.50,,11413
106/02/13,26155819,4904437753,186.50,188.00,186.50,187.50,2.00,10124
106/02/10,49257380,9113650300,184.50,185.50,184.00,185.50,1.50,9566
106/02/09,23419788,4320161722,184.00,185.50,183.50,184.00,0.50,6639
106/02/08,45607272,8371548478,183.50,184.50,183.00,183.50,-1.00,8245
106/02/07,23981988,4418689272,183.50,185.00,183.00,184.50,,8712
106/02/06,29702832,5476151588,184.50,185.50,184.00,184.50,,8330
106/02/03,30387652,5604884683,186.00,186.00,183.50,184.50,,8079
106/02/02,153703780,28731441750,188.00,188.50,184.00,184.50,-1.00,21047
106/01/24,72014239,13356900945,185.00,186.50,184.50,185.50,0.50,14227
106/01/23,58299156,10699572592,182.50,185.00,182.50,185.00,4.00,13560
106/01/20,42317086,7658563990,181.00,181.50,180.50,181.00,0.50,7803
106/01/19,25935613,4673783621,179.50,181.00,179.50,180.50,-0.50,8400
106/01/18,23810637,4292682797,180.50,181.00,179.50,181.00,,7783
106/01/17,13207419,2386575839,180.50,181.00,179.50,181.00,1.50,5771
106/01/16,30878049,5545432320,180.00,180.50,179.00,179.50,-2.00,13441
106/01/13,53089358,9622624651,180.50,182.50,180.50,181.50,-3.00,16366
106/01/12,48599502,8959263194,182.50,185.50,182.50,184.50,2.50,13220
106/01/11,29747168,5438136536,185.00,185.00,181.50,182.00,-2.00,10509
106/01/10,20691305,3811496280,184.50,185.50,183.50,184.00,,7831
106/01/09,18583788,3419409204,184.00,185.00,183.00,184.00,,5759
106/01/06,23120808,4250912732,184.00,184.50,183.50,184.00,0.50,9659
106/01/05,21373561,3913389163,182.00,183.50,181.50,183.50,0.50,8297
106/01/04,24482374,4478699942,183.00,184.00,181.50,183.00,,8476
106/01/03,23550783,4300648272,181.50,183.50,181.00,183.00,1.50,8743
105/12/30,36748382,6647442778,181.00,182.50,180.00,181.50,1.50,11638
105/12/29,30211764,5453513284,180.00,181.50,180.00,180.00,-2.00,10947
105/12/28,21441126,3896591783,181.00,182.00,180.50,182.00,2.00,7026
105/12/27,8276087,1488495160,180.00,180.50,179.50,180.00,0.50,4246
105/12/26,5694358,1021265940,179.00,180.00,179.00,179.50,1.00,3404
105/12/23,24376885,4359360001,179.00,180.00,178.50,178.50,-0.50,9298
105/12/22,26509271,4758580950,180.00,180.50,179.00,179.00,-1.00,10768
105/12/21,32234176,5828554894,181.00,182.00,180.00,180.00,-2.50,11377
105/12/20,24243414,4394840051,181.00,182.50,180.00,182.50,,10223
105/12/19,20553355,3763429465,184.00,184.50,182.50,182.50,-2.50,7956
105/12/16,36266938,6720634530,185.50,187.00,185.00,185.00,-2.00,7994
105/12/15,24244941,4508246366,185.00,187.50,184.50,187.00,-0.50,6135
105/12/14,16768971,3131823106,186.50,187.50,185.50,187.50,1.50,6485
105/12/13,23692594,4398859330,186.50,186.50,184.50,186.00,1.00,7561
105/12/12,18817929,3494579936,186.00,187.00,184.00,185.00,-1.00,6853
105/12/09,24890768,4618750580,186.00,186.00,184.50,186.00,0.50,8116
105/12/08,27276757,5030766288,184.00,185.50,183.00,185.50,4.00,11258
105/12/07,14529260,2645149219,183.00,183.50,181.50,181.50,-0.50,5127
105/12/06,27728861,5051414702,181.00,183.00,180.50,182.00,3.00,10430
105/12/05,32249536,5771614169,178.00,180.00,178.00,179.00,1.00,10198
105/12/02,53946366,9634395330,179.00,179.50,178.00,178.00,-5.00,21618
105/12/01,13923341,2540480903,182.00,183.00,181.50,183.00,,6514
105/11/30,54053279,9882147890,181.50,183.00,181.50,183.00,1.00,5767
105/11/29,26894638,4930405401,183.50,185.00,182.00,182.00,-2.00,6259
105/11/28,22360419,4097502666,181.50,184.00,181.50,184.00,2.00,6548
105/11/25,10226870,1866763623,182.50,183.50,182.00,182.00,-1.00,4117
105/11/24,19098768,3505303784,184.00,185.00,183.00,183.00,-2.50,6354
105/11/23,23068606,4278324376,184.50,186.50,184.00,185.50,1.50,9806
105/11/22,31348118,5758734362,182.00,185.00,181.50,184.00,3.00,10086
105/11/21,15622673,2824317313,180.50,181.50,180.00,181.00,,6391
105/11/18,23731433,4291503493,181.50,181.50,180.00,181.00,-0.50,6949
105/11/17,23256023,4214237980,182.00,182.50,180.50,181.50,1.50,5234
105/11/16,35293770,6403374640,180.50,183.00,180.00,180.00,,10900
105/11/15,33528517,6055348577,179.50,182.00,179.00,180.00,-0.50,11312
105/11/14,48032589,8680850609,181.00,182.00,180.00,180.50,-1.00,14717
105/11/11,67636187,12291321069,181.50,183.00,181.00,181.50,-4.00,19522
105/11/10,38869432,7258713102,187.00,188.00,185.50,185.50,3.50,13292
105/11/09,55579000,10245544000,190.00,190.50,182.00,182.00,-6.50,22278
105/11/08,15954387,3011077756,190.00,190.00,188.00,188.50,-0.50,6225
105/11/07,21430225,4023208624,186.50,189.00,186.00,189.00,4.50,7934
105/11/04,15107076,2791857480,184.50,186.00,184.00,184.50,,7260
105/11/03,25531563,4724824155,185.50,186.50,184.50,184.50,-1.50,7976
105/11/02,16529619,3085447900,187.50,188.00,186.00,186.00,-3.50,7380
105/11/01,15128851,2854597839,188.50,189.50,187.50,189.50,1.00,5917
105/10/31,25830651,4871340189,189.00,190.50,186.50,188.50,-1.00,6560
105/10/28,33106885,6268990744,189.50,190.00,188.50,189.50,1.00,6562
105/10/27,26883192,5089143513,191.50,191.50,188.50,188.50,-3.00,9385
105/10/26,24885036,4758575792,190.50,192.50,190.50,191.50,-1.50,7594
105/10/25,19145940,3680309682,192.00,193.00,191.00,193.00,2.00,7455
105/10/24,14381349,2742131352,191.00,191.00,189.50,191.00,2.50,5860
105/10/21,22316844,4246605266,191.00,192.00,188.50,188.50,-2.00,8198
105/10/20,15736203,2989556440,189.50,190.50,189.00,190.50,1.00,4787
105/10/19,38143867,7206475473,187.50,189.50,187.50,189.50,2.50,8834
105/10/18,40651809,7582450283,186.50,187.00,185.50,187.00,0.50,8180
105/10/17,37878270,7051992670,186.50,187.50,185.00,186.50,-1.50,9908
105/10/14,34340209,6450978969,187.00,189.00,186.50,188.00,-0.50,13583
105/10/13,40728212,7675208676,190.50,191.00,187.00,188.50,-1.00,13817
105/10/12,24592212,4625439668,186.50,190.00,186.00,189.50,2.00,7805
105/10/11,31107793,5874765484,191.00,191.00,186.00,187.50,-0.50,10879
105/10/07,15870415,2969715475,188.00,188.00,186.00,188.00,0.50,6887
105/10/06,15715729,2928528801,185.00,187.50,185.00,187.50,1.50,6847
105/10/05,19144379,3549073494,186.00,186.00,184.50,186.00,-1.00,6115
105/10/04,17139682,3191090272,185.00,187.00,185.00,187.00,1.00,6392
105/10/03,18987856,3525971989,186.00,186.50,184.50,186.00,3.50,6733
105/09/30,45163412,8309463356,185.50,186.50,182.50,182.50,-3.00,11548
105/09/29,57778769,10764097342,185.50,187.50,185.50,185.50,2.50,15213
105/09/26,25218996,4635639758,183.50,185.00,183.00,183.00,-4.50,7882
105/09/23,23141189,4313995664,185.00,187.50,184.50,187.50,2.00,9042
105/09/22,21213260,3921937500,185.00,185.50,183.50,185.50,1.50,8939
105/09/21,26261794,4805884782,181.00,184.00,180.50,184.00,1.00,8483
105/09/20,23647416,4319888712,182.00,183.50,181.50,183.00,0.50,8140
105/09/19,57296972,10375685848,179.50,183.00,178.50,182.50,9.00,19155
105/09/14,52966216,9216408104,174.00,176.00,173.50,173.50,-1.50,11689
105/09/13,38438582,6736154003,176.50,176.50,173.50,175.00,,11379
105/09/12,42751708,7504512206,177.50,177.50,174.00,175.00,-3.00,14891
105/09/10,15470223,2747098264,177.00,179.00,176.00,178.00,-1.50,5804
105/09/09,30635512,5518555160,181.00,181.00,179.50,179.50,-3.50,8177
105/09/08,30307949,5555013307,182.50,184.50,182.50,183.00,-1.00,10923
105/09/07,50851477,9311446211,180.50,185.00,180.00,184.00,5.00,19497
105/09/06,29646892,5218919616,177.00,179.00,176.50,179.00,2.50,9498
105/09/05,27982906,4884204996,176.50,177.50,176.50,176.50,2.00,6513
105/09/02,19489130,3368711120,176.50,176.50,174.00,174.50,1.00,6315
105/09/01,26101335,4486398290,176.00,176.00,173.00,173.50,-2.50,7279
105/08/31,42461245,7408331135,176.50,177.00,174.50,176.00,1.50,6850
105/08/30,19752234,3452895298,176.00,176.50,174.00,174.50,-2.00,5559
105/08/29,16967254,2980249547,175.00,177.00,174.00,176.50,-0.50,5102
105/08/26,15804932,2788761532,175.00,177.00,175.00,177.00,,4529
105/08/25,23973648,4223271748,175.00,177.00,174.50,177.00,3.50,8613
105/08/24,12532486,2182702578,175.00,175.50,173.50,173.50,-0.50,4272
105/08/23,21467596,3742518814,174.00,175.00,173.50,174.00,1.00,6651
105/08/22,21822066,3765989158,173.00,174.00,171.50,173.00,-1.50,7785
105/08/19,23496710,4116962848,177.00,177.50,174.00,174.50,-1.50,8233
105/08/18,27899726,4897229556,176.00,176.50,175.00,176.00,-1.00,9690
105/08/17,24169622,4272164742,177.00,177.50,176.00,177.00,1.50,8245
105/08/16,34284274,6042810224,178.00,179.00,175.00,175.50,-3.50,10692
105/08/15,13660192,2438220101,178.50,179.00,177.50,179.00,1.50,4907
105/08/12,23986752,4264514880,178.50,178.50,177.00,177.50,1.00,7860
105/08/11,28216223,4982106809,177.50,178.00,175.50,176.50,-3.00,9250
105/08/10,19307662,3453612114,179.00,179.50,178.00,179.50,1.00,5979
105/08/09,16443465,2940137770,178.50,179.50,177.00,178.50,0.50,6767
105/08/08,16241757,2882438800,178.00,178.00,176.50,178.00,1.00,5032
105/08/05,25803777,4555686581,175.00,177.50,174.00,177.00,2.50,8212
105/08/04,14292159,2481942916,173.00,174.50,172.50,174.50,2.00,4503
105/08/03,21652236,3745324328,172.50,174.00,172.00,172.50,-3.50,8267
105/08/02,15366106,2707287048,177.50,177.50,175.50,176.00,-1.00,6097
105/08/01,34703892,6112481446,175.00,177.00,174.50,177.00,4.50,11713
105/07/29,30008528,5229445495,177.00,177.00,172.50,172.50,-4.00,8686
105/07/28,31138296,5464444857,175.00,176.50,173.00,176.50,1.50,9647
105/07/27,36108136,6318691514,175.00,176.00,174.50,175.00,2.00,10896
105/07/26,32736383,5634149876,172.00,173.00,171.50,173.00,1.50,12399
105/07/25,27180811,4645419181,172.00,173.00,169.00,171.50,0.50,9757
105/07/22,29804436,5106380820,172.00,172.00,170.50,171.00,-1.00,9643
105/07/21,35220658,6034355320,171.00,172.00,170.00,172.00,2.00,12625
105/07/20,39076857,6633505533,170.00,170.50,169.00,170.00,-0.50,14235
105/07/19,43707370,7424369044,170.50,170.50,169.00,170.50,1.00,12495
105/07/18,24774059,4188965471,168.00,170.00,168.00,169.50,,6898
105/07/15,41822109,7039081421,168.00,169.50,166.50,169.50,0.50,13283
105/07/14,36131819,6094183541,167.00,170.00,167.00,169.00,0.50,12414
105/07/13,51719990,8708079977,169.50,170.00,167.00,168.50,-2.50,17109
105/07/12,42128936,7177356520,171.00,171.50,169.50,171.00,1.00,15021
105/07/11,53434920,9066254650,170.00,170.50,168.50,170.00,5.50,14951
105/07/07,24442273,4009459272,163.50,165.00,163.00,164.50,3.00,9726
105/07/06,35100107,5661722124,163.00,163.00,160.50,161.50,-2.50,12026
105/07/05,16422882,2697844648,165.00,165.50,164.00,164.00,-2.00,6930
105/07/04,25968655,4302829364,165.50,166.50,164.50,166.00,,9484
105/07/01,36577822,6042239175,164.50,166.00,163.50,166.00,3.50,13186
105/06/30,42854433,6916567646,161.00,163.00,159.50,162.50,3.50,14833
105/06/29,32131574,5108302566,158.50,160.00,158.00,159.00,2.00,12754
105/06/28,39095886,6111752511,155.50,157.50,155.00,157.00,1.50,12685
105/06/27,43401750,6739714431,154.50,156.00,154.00,155.50,X,17925
105/06/24,86994060,13854488100,164.00,164.00,154.50,159.00,-5.00,27192
105/06/23,22592551,3715357864,165.50,166.00,164.00,164.00,-2.00,8298
105/06/22,30409069,5013175385,164.50,166.00,163.50,166.00,0.50,8180
105/06/21,28042486,4621986401,164.00,165.50,163.50,165.50,2.50,10369
105/06/20,24949407,4090155341,164.50,165.00,163.00,163.00,,8639
105/06/17,31326264,5117145004,162.50,164.50,162.00,163.00,2.50,9885
105/06/16,36957340,5942664024,161.50,162.50,159.50,160.50,-2.50,7324
105/06/15,29328888,4763332856,162.00,163.00,161.00,163.00,1.00,9142
105/06/14,27823266,4508801432,161.00,163.00,161.00,162.00,,10951
105/06/13,54689228,8843806836,161.00,162.50,161.00,162.00,-3.50,14466
105/06/08,45587946,7522713617,164.00,166.00,163.50,165.50,3.50,15173
105/06/07,47573770,7726094806,161.50,163.50,161.00,162.00,1.00,12269
105/06/06,28898951,4651663660,161.00,162.00,160.00,161.00,1.00,8667
105/06/04,2631269,420392883,160.00,160.00,159.50,160.00,-0.50,1428
105/06/03,32020341,5124469706,159.00,160.50,159.00,160.50,1.50,10969
105/06/02,21999904,3500288755,159.00,160.00,158.00,159.00,,7933
105/06/01,27743096,4386766007,156.00,159.00,156.00,159.00,2.50,9500
105/05/31,70177201,10968771725,156.50,157.50,155.00,156.50,-0.50,11056
105/05/30,38311828,6001068751,157.00,158.00,155.00,157.00,0.50,11762
105/05/27,26617621,4146288768,156.00,156.50,154.50,156.50,1.50,7672
105/05/26,18822152,2908894278,154.50,155.00,153.50,155.00,0.50,8493
105/05/25,35410557,5441691960,153.50,155.00,152.50,154.50,3.50,10548
105/05/24,25677620,3904883920,152.50,153.50,151.00,151.00,-3.00,8713
105/05/23,50174359,7660606060,150.50,154.50,149.50,154.00,5.50,16914
105/05/20,38046045,5647033644,147.50,149.50,147.00,148.50,1.50,9513
105/05/19,35192869,5165152743,148.00,148.50,145.50,147.00,,8803
105/05/18,31106657,4552181579,146.00,147.00,145.00,147.00,,9452
105/05/17,32716713,4782396061,145.50,147.00,145.00,147.00,2.50,8501
105/05/16,32239094,4658963140,143.00,145.50,143.00,144.50,0.50,9667
105/05/13,60713306,8748587885,145.00,145.50,143.00,144.00,-2.00,19508
105/05/12,24008945,3525768415,147.00,148.00,146.00,146.00,-1.00,7183
105/05/11,45610564,6728618767,148.50,149.00,146.50,147.00,,11477
105/05/10,39210189,5773106349,147.00,148.00,146.50,147.00,-0.50,8956
105/05/09,39783802,5865540512,148.50,149.00,146.50,147.50,-0.50,12836
105/05/06,39401142,5824459658,148.50,148.50,147.00,148.00,0.50,8372
105/05/05,40687466,5994815468,147.50,148.50,146.00,147.50,0.50,9466
105/05/04,55586383,8191113993,147.00,149.00,146.50,147.00,-0.50,13521
105/05/03,68909160,10159653180,148.00,148.50,146.50,147.50,-2.50,21279
105/04/29,75959754,11394504924,151.00,151.00,149.00,150.00,-3.00,18838
105/04/28,49282820,7596743626,157.50,158.00,153.00,153.00,-3.50,15032
105/04/27,36967022,5787771232,156.00,157.50,155.50,156.50,-1.50,6783
105/04/26,18539344,2921600608,156.50,158.50,156.50,158.00,0.50,5208
105/04/25,14669483,2304985871,156.50,157.50,156.00,157.50,1.00,5007
105/04/22,29237052,4585332483,155.50,158.00,155.00,156.50,-0.50,6485
105/04/21,30419233,4748320930,156.00,157.00,154.00,157.00,3.00,11654
105/04/20,43418112,6743768418,157.50,158.00,154.00,154.00,-3.50,16130
105/04/19,27622018,4378113806,160.00,161.00,157.00,157.50,-0.50,9884
105/04/18,20876425,3294127620,158.00,158.50,157.50,158.00,-1.50,7888
105/04/15,50339512,7971481408,157.00,160.00,156.00,159.50,-2.00,17202
105/04/14,31377056,5048472016,162.00,162.50,160.00,161.50,,10380
105/04/13,40333113,6494549624,160.00,162.00,159.50,161.50,3.00,12488
105/04/12,14877049,2355629198,157.50,159.50,157.50,158.50,,4707
105/04/11,23189461,3653174233,156.00,159.00,155.50,158.50,1.00,6917
105/04/08,42324696,6638324522,154.00,158.00,154.00,157.50,3.00,12800
105/04/07,35933073,5527003723,155.00,155.00,152.50,154.50,1.00,10086
105/04/06,63133315,9740564255,155.50,156.00,153.50,153.50,-5.00,19206
105/04/01,34544879,5490320944,161.00,161.00,157.50,158.50,-3.50,10001
105/03/31,54094182,8719278002,162.00,163.00,159.00,162.00,0.50,14511
105/03/30,46113332,7394950933,158.50,162.00,158.50,161.50,2.50,14484
105/03/29,19152246,3039163868,158.50,159.50,158.00,159.00,,7098
105/03/28,15857144,2513686562,158.00,159.00,157.00,159.00,1.00,6212
105/03/25,10970033,1727600287,158.50,159.00,157.00,158.00,-0.50,5593
105/03/24,25198949,3975166192,158.00,159.00,157.00,158.50,-1.00,8841
105/03/23,29439666,4683223247,158.50,159.50,158.00,159.50,1.00,8670
105/03/22,29303958,4629935904,159.50,159.50,157.00,158.50,-1.50,11945
105/03/21,27687094,4409309006,160.00,160.00,158.00,160.00,0.50,9380
105/03/18,57866711,9212470709,158.50,159.50,158.50,159.50,1.00,12106
105/03/17,52228954,8305206845,159.50,160.00,157.50,158.50,2.50,14989
105/03/16,31126817,4833620497,155.50,156.00,154.00,156.00,1.50,9853
105/03/15,29437607,4559507978,155.00,156.50,153.00,154.50,-1.50,12260
105/03/14,32987563,5161781768,156.50,157.50,155.50,156.00,1.00,11927
105/03/11,31297178,4837597155,154.50,155.00,153.00,155.00,0.50,11727
105/03/10,31343947,4806652328,153.00,154.50,151.50,154.50,1.50,10930
105/03/09,24634641,3739057432,152.00,153.00,150.50,153.00,1.00,9423
105/03/08,40643284,6126859884,151.00,152.00,149.50,152.00,,13764
105/03/07,24052580,3655841160,152.50,153.50,151.00,152.00,-0.50,7324
105/03/04,37794356,5763190355,153.00,153.50,151.50,152.50,-1.50,10724
105/03/03,28867121,4438187013,154.00,154.50,153.00,154.00,1.00,10112
105/03/02,36101650,5548587572,154.00,154.50,153.00,153.00,1.00,11075
105/03/01,44046047,6637110793,148.50,152.00,148.50,152.00,3.00,12003
105/02/26,46425984,6913777396,151.00,151.50,148.00,149.00,-1.50,9939
105/02/25,25233069,3783097850,149.00,151.00,148.50,150.50,2.50,11234
105/02/24,22082824,3279735952,149.50,150.50,147.00,148.00,-1.50,7979
105/02/23,22500491,3365510724,150.50,151.00,149.00,149.50,-1.50,8897
105/02/22,29751439,4489653531,149.50,152.50,149.50,151.00,,9155
105/02/19,37444703,5618619050,149.00,151.00,149.00,151.00,,10981
105/02/18,61877408,9304766800,150.00,151.00,149.50,151.00,3.00,22057
105/02/17,38486773,5700550482,149.00,149.00,147.00,148.00,0.50,13872
105/02/16,56361967,8269447009,146.00,148.00,145.50,147.50,2.50,17135
105/02/15,77064578,11147911270,142.00,146.50,142.00,145.00,-1.00,21814
105/02/03,71652894,10413868630,145.00,146.00,144.50,146.00,3.50,18892
105/02/02,25400755,3624574210,144.00,144.50,141.50,142.50,-1.50,7725
105/02/01,43828461,6278170924,144.00,144.00,141.50,144.00,2.00,12189
105/01/30,11865065,1683794730,142.50,143.00,141.00,142.00,-1.00,6143
105/01/29,57557576,8136870712,138.50,143.00,138.00,143.00,3.00,14517
105/01/28,37913413,5281967085,138.00,140.50,138.00,140.00,0.50,9746
105/01/27,24547614,3417457021,139.00,139.50,138.50,139.50,2.00,8368
105/01/26,24102538,3325848455,137.50,139.00,137.00,137.50,-2.00,6584
105/01/25,27213347,3800915858,140.00,140.00,139.00,139.50,1.00,9105
105/01/22,33926219,4657789586,136.50,138.50,136.00,138.50,3.50,12684
105/01/21,31957378,4320114707,134.00,136.50,134.00,135.00,0.50,9956
105/01/20,44423192,6000662670,137.50,137.50,133.50,134.50,-3.50,13799
105/01/19,24995537,3422485906,137.50,138.00,136.00,138.00,1.00,8146
105/01/18,37008681,5054777797,135.00,138.00,134.50,137.00,,11947
105/01/15,79648971,10911032870,137.50,138.00,135.50,137.00,5.50,20280
105/01/14,39498490,5177864180,130.50,132.00,130.50,131.50,-2.00,14501
105/01/13,50237061,6719817674,133.50,135.50,133.00,133.50,0.50,9488
105/01/12,35133164,4657051312,133.00,134.00,131.50,133.00,,9492
105/01/11,48536267,6430758978,133.00,134.50,130.50,133.00,-1.00,10980
105/01/08,52641383,7022206705,132.00,135.00,132.00,134.00,1.00,11784
105/01/07,63475065,8432791819,134.50,135.00,130.50,133.00,-2.50,19061
105/01/06,53873344,7321139064,138.00,138.00,135.00,135.50,-2.50,15926
105/01/05,46502108,6436850512,139.00,140.00,137.00,138.00,-1.50,15836
105/01/04,43800291,6137797502,142.50,143.50,139.00,139.50,-3.50,14188
104/12/31,18677987,2671826764,142.00,144.00,141.00,143.00,0.50,4188
104/12/30,14713096,2098167063,142.50,144.00,142.00,142.50,0.50,4651
104/12/29,12968379,1848992618,143.50,144.00,141.50,142.00,-1.50,6037
104/12/28,10831155,1555902665,143.50,144.00,143.00,143.50,0.50,4191
104/12/25,6168635,880104962,142.00,143.50,142.00,143.00,1.00,1797
104/12/24,13495395,1926688090,143.00,143.50,142.00,142.00,0.50,4914
104/12/23,18152173,2576333960,141.00,143.00,140.50,141.50,-0.50,5631
104/12/22,17209761,2431736616,141.00,142.00,140.50,142.00,0.50,5052
104/12/21,26939460,3808022515,141.50,142.50,140.50,141.50,-0.50,8942
104/12/18,41615595,5964658320,143.00,145.00,142.00,142.00,-3.00,8307
104/12/17,34710663,5005823882,144.50,145.00,143.00,145.00,1.50,13019
104/12/16,58669086,8381627759,142.00,144.00,141.00,143.50,5.50,23243
104/12/15,27973102,3891713298,139.50,140.50,138.00,138.00,-1.00,8428
104/12/14,37666637,5217880999,137.50,139.50,137.50,139.00,-0.50,7423
104/12/11,32030596,4494186536,141.00,142.00,139.00,139.50,-1.50,10076
104/12/10,41487561,5817845601,140.50,141.50,139.00,141.00,0.50,8599
104/12/09,30640495,4323363409,142.00,142.00,140.50,140.50,-2.00,8387
104/12/08,34037222,4846422179,143.50,144.00,141.00,142.50,-1.00,9537
104/12/07,41097638,5902665174,142.00,144.50,142.00,143.50,3.00,15781
104/12/04,31780733,4481042445,141.00,142.50,140.50,140.50,-2.00,10122
104/12/03,28204644,4013101755,141.50,143.00,141.50,142.50,,5048
104/12/02,31767868,4545318756,144.00,144.00,142.00,142.50,,9705
104/12/01,48931728,6882084076,140.50,142.50,138.50,142.50,3.50,15965
104/11/30,110350217,15219982613,136.50,139.00,136.00,139.00,,16059
104/11/27,26742675,3747289825,143.00,143.00,139.00,139.00,-3.50,5730
104/11/26,32927905,4672046212,141.00,142.50,140.00,142.50,1.50,9850
104/11/25,34540578,4841255700,139.50,141.00,138.50,141.00,1.50,6240
104/11/24,23245808,3261352468,140.00,141.50,139.50,139.50,-1.50,5910
104/11/23,20543619,2890125945,141.00,141.50,140.00,141.00,,4707
104/11/20,21649438,3041708710,140.50,141.00,140.00,141.00,0.50,7571
104/11/19,28723691,4004226290,138.50,140.50,138.00,140.50,3.50,9283
104/11/18,29455424,4057302068,139.50,140.00,136.50,137.00,-1.50,9025
104/11/17,28224719,3926485043,138.00,140.00,137.50,138.50,3.50,11370
104/11/16,32132740,4335757140,134.00,135.50,134.00,135.00,-1.00,13597
104/11/13,22956373,3148276101,137.50,139.00,136.00,136.00,-2.50,7418
104/11/12,16485910,2284668490,138.50,139.00,138.00,138.50,1.00,5091
104/11/11,29463476,4066008922,140.50,140.50,136.50,137.50,-2.00,10751
104/11/10,23336811,3261350610,141.50,141.50,139.00,139.50,-2.50,9060
104/11/09,24863486,3518529742,141.00,143.00,140.50,142.00,2.00,8727
104/11/06,51889334,7276506260,144.00,144.00,139.00,140.00,-2.50,12543
104/11/05,37827858,5414337809,144.00,144.50,142.50,142.50,-2.00,12575
104/11/04,75685074,10841451697,141.50,144.50,141.00,144.50,5.00,27863
104/11/03,36442564,5082111090,138.50,140.00,138.00,139.50,2.00,12148
104/11/02,22789011,3118360787,138.50,138.50,135.50,137.50,1.00,7961
104/10/30,28293017,3870125863,137.00,137.50,136.00,136.50,,6840
104/10/29,20463741,2815951517,139.00,139.50,136.50,136.50,-1.50,6452
104/10/28,22557317,3104131564,137.00,139.00,137.00,138.00,-1.00,7911
104/10/27,26557567,3679734913,138.50,140.00,137.50,139.00,-1.00,6719
104/10/26,24412462,3416504880,140.50,140.50,139.00,140.00,,8837
104/10/23,35666256,4984092182,140.00,140.50,139.00,140.00,2.50,13889
104/10/22,15168792,2089852382,138.00,138.50,137.00,137.50,-1.00,4864
104/10/21,20006939,2770902949,139.50,140.00,137.50,138.50,-0.50,7624
104/10/20,28795564,3984111090,139.00,139.00,137.50,139.00,1.00,8838
104/10/19,26173538,3606826449,138.50,139.00,137.00,138.00,0.50,9085
104/10/16,37189898,5091352293,137.00,137.50,136.00,137.50,-2.50,16088
104/10/15,73316434,10255043760,139.00,141.00,139.00,140.00,3.50,18548
104/10/14,65521186,8795254492,136.50,137.50,136.00,136.50,-1.00,5612
104/10/13,37227089,5105783075,138.50,138.50,136.00,137.50,-1.00,11289
104/10/12,51617728,7125126614,137.00,139.00,136.50,138.50,2.50,13186
104/10/08,32054985,4365954735,137.00,137.00,135.00,136.00,1.00,11299
104/10/07,32541468,4380090918,133.50,135.00,133.00,135.00,2.00,9911
104/10/06,49925004,6677173341,135.00,135.50,132.50,133.00,0.50,13880
104/10/05,30895136,4096025572,133.00,133.50,131.50,132.50,0.50,9279
104/10/02,25252357,3337391624,132.50,132.50,131.50,132.00,-1.50,7698
104/10/01,53400609,7046980737,131.00,134.00,129.50,133.50,3.50,15465
104/09/30,76377100,9885619568,128.00,131.00,127.00,130.00,3.00,17686
104/09/25,24688657,3121881939,127.00,127.50,125.00,127.00,,9166
104/09/24,44708932,5671247864,127.00,128.00,125.50,127.00,2.50,12056
104/09/23,35523040,4465469498,127.00,127.50,124.50,124.50,-4.50,15209
104/09/22,18378270,2374696906,130.00,130.00,128.50,129.00,-0.50,6249
104/09/21,35271713,4552208310,130.00,130.00,128.50,129.50,-2.00,7636
104/09/18,32590064,4261707884,129.50,131.50,129.00,131.50,0.50,7572
104/09/17,52529479,6868009789,130.50,131.50,130.00,131.00,1.50,16702
104/09/16,44137380,5691421260,128.00,130.00,127.50,129.50,3.50,14052
104/09/15,22223400,2806493840,127.50,128.00,125.50,126.00,-1.50,7271
104/09/14,25582357,3261310994,128.00,129.00,126.00,127.50,,8062
104/09/11,24548989,3097236675,125.50,127.50,124.00,127.50,2.50,7250
104/09/10,34029707,4288394042,127.00,128.00,125.00,125.00,-4.00,10207
104/09/09,53969621,6910196909,126.50,129.00,126.50,129.00,6.00,19715
104/09/08,15112954,1857557798,122.50,123.50,122.00,123.00,0.50,5645
104/09/07,26152920,3228675340,124.50,126.00,122.00,122.50,-2.50,10743
104/09/04,23047166,2886200250,126.50,127.00,123.50,125.00,-2.00,8111
104/09/03,24054041,3037526707,127.50,127.50,125.00,127.00,1.50,7059
104/09/02,37232124,4657522507,123.00,127.00,123.00,125.50,1.50,12205
104/09/01,42394536,5307014000,127.50,127.50,124.00,124.00,-5.00,14184
104/08/31,57088355,7220131440,126.00,129.00,123.50,129.00,4.00,12112
104/08/28,41879827,5251054885,127.00,127.00,124.50,125.00,1.00,12018
104/08/27,53549076,6648501174,125.00,125.00,122.00,124.00,1.50,14964
104/08/26,65899783,8066184686,121.00,124.50,119.50,122.50,-1.00,17863
104/08/25,99479290,12096689497,118.00,124.00,117.50,123.50,8.50,27240
104/08/24,118882318,13766338730,120.00,121.00,112.50,115.00,-6.00,25681
104/08/21,67341681,8241493111,123.00,124.50,121.00,121.00,-5.00,15912
104/08/20,38767923,4841207748,124.50,126.00,123.50,126.00,1.00,8015
104/08/19,47213363,5917827915,127.50,127.50,124.00,125.00,-1.00,11362
104/08/18,41823656,5252723656,125.00,126.50,125.00,126.00,2.00,11837
104/08/17,38956377,4826111748,125.50,125.50,123.00,124.00,-2.00,14068
104/08/14,40366795,5093780530,128.00,128.50,125.00,126.00,-2.00,13469
104/08/13,43697151,5611218672,129.00,130.00,127.50,128.00,-0.50,11405
104/08/12,45838052,5897521548,129.50,130.00,127.50,128.50,-2.00,12740
104/08/11,65988387,8701858164,133.50,133.50,130.50,130.50,1.50,18947
104/08/10,65582829,8428219770,131.00,131.00,125.50,129.00,-4.00,23713
104/08/07,30591687,4053463871,133.00,133.50,131.50,133.00,-1.00,11911
104/08/06,39658057,5305805578,136.00,136.00,132.00,134.00,,13110
104/08/05,28577967,3847991545,135.50,135.50,134.00,134.00,-2.50,9154
104/08/04,27514927,3727032372,135.00,136.50,134.50,136.50,2.00,8099
104/08/03,33815561,4581161735,138.50,138.50,134.50,134.50,-5.00,12990
104/07/31,40479318,5626919922,140.50,140.50,137.50,139.50,1.00,9383
104/07/30,37085996,5121289968,136.00,139.00,136.00,138.50,3.00,10767
104/07/29,30500205,4119983712,135.00,136.00,134.50,135.50,1.50,7453
104/07/28,35777744,4833495065,135.00,136.50,134.00,134.00,,9966
104/07/27,45080466,6060338122,135.00,135.50,134.00,134.00,-3.00,13816
104/07/24,39062686,5342465602,138.00,138.00,136.00,137.00,1.00,10517
104/07/23,38176255,5216033345,137.00,137.50,136.00,136.00,-3.00,11509
104/07/22,27408864,3802971061,139.00,139.50,138.00,139.00,-1.50,9026
104/07/21,21857010,3068308230,141.00,141.50,139.50,140.50,1.50,5806
104/07/20,27906576,3902530824,141.50,142.00,138.50,139.00,-1.00,11095
104/07/17,55848153,7769816420,138.00,140.00,138.00,140.00,3.50,14284
104/07/16,37250129,5121828673,140.00,140.00,135.50,136.50,-2.00,11167
104/07/15,23485780,3254659920,139.00,139.50,138.00,138.50,,8278
104/07/14,27574220,3833141080,139.50,140.50,138.00,138.50,,7319
104/07/13,35404791,4886264549,137.00,139.50,137.00,138.50,2.00,11386
104/07/09,53784773,7323598974,134.00,138.00,134.00,136.50,-1.50,12715
104/07/08,52066084,7229638176,140.50,141.00,138.00,138.00,-2.50,15496
104/07/07,26545982,3750582962,141.00,142.00,140.50,140.50,,8780
104/07/06,20683912,2913509592,141.00,141.50,140.50,140.50,-2.00,7067
104/07/03,17091230,2414975440,141.50,142.50,140.00,142.50,1.00,6179
104/07/02,24309420,3434751403,140.50,142.00,140.50,141.50,0.50,6836
104/07/01,33330373,4704327416,140.00,142.50,139.00,141.00,0.50,9303
104/06/30,45375815,6336988915,139.00,140.50,138.50,140.50,2.00,15871
104/06/29,53096169,7415992660,140.50,141.00,138.50,138.50,X,20523
104/06/26,34170981,4994996846,147.00,147.50,145.50,146.00,-0.50,10199
104/06/25,45571067,6670295223,145.00,147.00,145.00,146.50,1.50,11443
104/06/24,21134324,3054456980,144.50,145.00,143.50,145.00,0.50,7362
104/06/23,37809098,5454961112,143.00,145.00,142.50,144.50,2.50,11319
104/06/22,29598804,4224036248,142.00,143.50,142.00,142.00,,8985
104/06/18,28627136,4072821812,142.00,143.00,142.00,142.00,-0.50,5820
104/06/17,31675566,4518862957,143.00,143.50,142.00,142.50,0.50,8595
104/06/16,28696598,4063948476,143.00,143.00,141.00,142.00,-1.00,11387
104/06/15,23775780,3409554790,144.50,144.50,142.50,143.00,-1.50,7385
104/06/12,35243603,5072826832,144.00,144.50,142.50,144.50,1.00,9645
104/06/11,46455780,6630323144,141.00,144.00,141.00,143.50,4.00,15700
104/06/10,37243196,5235873213,141.00,141.50,139.50,139.50,0.50,11225
104/06/09,31663811,4410907091,138.50,140.00,138.00,139.00,0.50,10951
104/06/08,45637640,6346411738,139.50,140.00,138.50,138.50,-1.50,17131
104/06/05,42846692,5990378661,139.50,140.50,139.00,140.00,-1.00,13335
104/06/04,62313192,8793986209,142.00,142.50,140.00,141.00,-2.00,17920
104/06/03,30174690,4333388014,143.50,144.50,143.00,143.00,-1.00,7788
104/06/02,33433403,4812699032,144.50,144.50,143.50,144.00,-1.00,10752
104/06/01,31646861,4585709246,145.50,146.00,144.00,145.00,-1.00,9735
104/05/29,61983862,9053910953,147.00,147.50,145.50,146.00,-1.00,8252
104/05/28,36704395,5388568653,147.00,147.50,146.00,147.00,2.00,10259
104/05/27,24257941,3536266849,145.50,147.00,145.00,145.00,-1.50,6869
104/05/26,16069726,2368218823,148.50,148.50,146.50,146.50,-1.00,6148
104/05/25,16323218,2396692046,146.50,147.50,145.50,147.50,2.00,5998
104/05/22,22103852,3229666392,146.00,147.00,145.00,145.50,,6813
104/05/21,41286686,5995895156,146.00,146.50,144.50,145.50,-1.00,12871
104/05/20,26984912,3949956564,146.50,147.00,146.00,146.50,,10516
104/05/19,26321396,3852118475,145.50,147.50,145.00,146.50,,9418
104/05/18,26212375,3823751806,147.00,147.00,145.00,146.50,,7178
104/05/15,24831890,3627515848,147.00,147.00,145.00,146.50,0.50,8186
104/05/14,39888654,5860602872,148.00,148.50,146.00,146.00,-2.00,12300
104/05/13,19437537,2880697082,147.50,149.00,147.00,148.00,0.50,5694
104/05/12,24956498,3687151073,147.00,148.50,147.00,147.50,-1.00,6593
104/05/11,20402529,3020441292,149.00,149.00,147.00,148.50,2.00,6385
104/05/08,20035646,2938305595,146.00,147.50,146.00,146.50,,7730
104/05/07,21908150,3209664442,146.00,147.50,146.00,146.50,-1.00,5816
104/05/06,18824208,2765471076,145.50,148.00,145.50,147.50,0.50,6477
104/05/05,27789400,4083589300,147.50,148.00,146.00,147.00,-0.50,6502
104/05/04,30868640,4548281580,148.50,148.50,146.00,147.50,0.50,8598
104/04/30,48982979,7212381413,147.00,148.50,146.50,147.00,-1.50,13793
104/04/29,37440139,5582483598,150.00,151.00,148.00,148.50,-3.00,11220
104/04/28,43295538,6563481738,153.50,153.50,150.50,151.50,,12673
104/04/27,58112934,8802544948,153.00,153.00,150.00,151.50,-1.00,14169
104/04/24,135458464,20467883674,149.00,152.50,148.50,152.50,5.50,35056
104/04/23,47851742,7010815563,145.50,147.00,145.00,147.00,3.50,18425
104/04/22,40631875,5844788500,143.50,145.00,143.00,143.50,1.00,12231
104/04/21,40892605,5824163035,142.00,143.50,141.50,142.50,-0.50,10238
104/04/20,43593805,6220438078,142.00,144.00,141.50,143.00,0.50,9856
104/04/17,79007681,11301095708,143.00,144.00,142.50,142.50,-4.50,29078
104/04/16,55563272,8114893484,145.00,147.00,144.50,147.00,4.00,20084
104/04/15,71626316,10214833004,143.50,144.50,141.50,143.00,-1.00,24704
104/04/14,41702197,6021009775,145.00,145.50,143.50,144.00,-3.00,15801
104/04/13,26427202,3876943634,146.50,147.50,146.00,147.00,,10892
104/04/10,33908579,4948520786,146.00,147.00,145.00,147.00,4.00,13442
104/04/09,47243108,6801837297,144.00,145.50,143.00,143.00,,14341
104/04/08,49474198,7132875065,145.50,146.00,143.00,143.00,-3.00,14640
104/04/07,34901698,5106814058,146.50,147.50,145.00,146.00,-1.00,9240
104/04/02,52174388,7651261176,145.00,148.00,144.50,147.00,3.00,15545
104/04/01,39056191,5643680541,145.00,145.00,143.50,144.00,-1.50,11700
104/03/31,56918778,8225648688,144.00,145.50,143.00,145.50,3.00,14570
104/03/30,64898228,9275490102,142.50,144.00,142.00,142.50,,20026
104/03/27,112919978,16228885022,144.00,145.50,142.50,142.50,-3.00,31660
104/03/26,162835475,23745941540,145.50,147.00,144.50,145.50,-5.50,40030
104/03/25,50140683,7584239053,152.00,152.50,150.50,151.00,-0.50,8084
104/03/24,38207799,5811312948,153.50,153.50,151.50,151.50,-2.00,9866
104/03/23,26369028,4049600743,154.00,154.00,152.50,153.50,-0.50,8438
104/03/20,38594575,5909217707,151.50,154.00,151.50,154.00,,8722
104/03/19,43512703,6700872109,152.50,155.00,152.50,154.00,0.50,14822
104/03/18,71220784,10852430499,151.00,154.00,150.00,153.50,4.50,24516
104/03/17,55770359,8326102991,148.50,150.00,148.50,149.00,3.00,16064
104/03/16,37462553,5514486291,149.00,149.50,146.00,146.00,-3.00,10187
104/03/13,46407830,6904477410,148.00,149.50,147.00,149.00,1.00,12528
104/03/12,32364794,4785611312,147.00,148.50,146.50,148.00,2.00,10987
104/03/11,51828263,7572305994,143.50,148.00,143.00,146.00,2.00,14996
104/03/10,46859211,6762792095,145.00,145.00,144.00,144.00,-1.50,17451
104/03/09,67545510,9855160676,147.50,147.50,145.00,145.50,-3.50,21963
104/03/06,33211114,4948740906,149.00,149.50,148.50,149.00,-1.00,9540
104/03/05,29851795,4474822250,150.00,151.00,148.50,150.00,-0.50,8059
104/03/04,32781813,4936813407,150.00,151.50,149.00,150.50,,9519
104/03/03,29205565,4374634250,150.00,151.00,148.50,150.50,1.50,10700
104/03/02,41706868,6260834709,151.50,153.00,148.50,149.00,-1.50,14902
104/02/26,58406927,8838206759,153.50,154.00,150.50,150.50,-4.00,16129
104/02/25,48326782,7425359928,152.50,154.50,152.50,154.50,3.50,13778
104/02/24,74443659,11211962367,149.00,152.00,148.50,151.00,2.50,17976
104/02/13,38571667,5752407636,148.50,150.00,148.00,148.50,,13408
104/02/12,35027816,5193362537,149.50,149.50,147.50,148.50,0.50,10815
104/02/11,71429251,10550756946,146.00,149.00,146.00,148.00,5.50,21683
104/02/10,33452346,4760519217,142.00,143.00,141.50,142.50,0.50,8287
104/02/09,26650627,3790983534,143.00,143.50,141.50,142.00,-1.00,7095
104/02/06,28668194,4131250622,145.50,145.50,143.00,143.00,-2.50,10068
104/02/05,25327809,3661740425,145.50,146.00,143.50,145.50,-0.50,8827
104/02/04,43152252,6270013358,144.50,146.50,144.00,146.00,1.50,10725
104/02/03,27234908,3911596752,143.00,144.50,142.00,144.50,2.00,7438
104/02/02,30382755,4310814470,140.50,143.00,140.50,142.50,1.50,7265
104/01/30,44413182,6309920080,145.00,145.50,141.00,141.00,-2.50,12509
104/01/29,36887636,5304459221,144.00,145.00,143.00,143.50,-3.00,10970
104/01/28,48373268,7070390708,146.50,147.00,145.50,146.50,-0.50,13048
104/01/27,53362680,7766942038,145.50,147.00,144.50,147.00,2.00,13505
104/01/26,46941337,6773046328,145.50,145.50,143.50,145.00,,12366
104/01/23,82359856,11860880764,142.50,145.00,142.50,145.00,5.00,24817
104/01/22,45654028,6420329920,141.50,142.00,139.50,140.00,-1.00,12880
104/01/21,77292890,10851391010,139.50,141.00,139.50,141.00,3.00,22304
104/01/20,33795629,4668853302,139.00,139.00,137.50,138.00,-1.00,10489
104/01/19,50175501,6946057848,138.50,139.50,137.50,139.00,2.00,15694
104/01/16,129035714,17798427458,140.00,140.00,136.00,137.00,5.50,33344
104/01/15,40996781,5409019683,131.50,133.00,131.50,131.50,1.50,10987
104/01/14,49447397,6480574787,132.50,133.00,130.00,130.00,-2.50,18536
104/01/13,38093830,5032758490,131.00,133.00,130.50,132.50,0.50,12537
104/01/12,30402705,4031933265,132.50,133.50,132.00,132.00,-2.00,11823
104/01/09,61920268,8308394250,135.00,135.50,133.00,134.00,-4.00,24470
104/01/08,42551468,5839710584,136.50,138.00,136.00,138.00,4.00,12327
104/01/07,43886007,5887797145,133.50,135.00,133.50,134.00,0.50,14735
104/01/06,67649997,9104346055,137.50,137.50,133.00,133.50,-6.00,26240
104/01/05,32214177,4459516134,140.50,140.50,137.50,139.50,-1.50,9377
103/12/31,18351769,2570413160,139.00,141.00,139.00,141.00,1.00,5953
103/12/30,23590171,3300430060,141.00,141.50,139.00,140.00,-1.00,7579
103/12/29,35075381,4920594840,138.00,141.00,138.00,141.00,2.50,11085
103/12/27,4823202,666171960,139.00,139.00,137.50,138.50,-0.50,1195
103/12/26,13183543,1817851477,138.00,139.00,137.00,139.00,1.50,3404
103/12/25,7392192,1015532329,137.00,138.00,137.00,137.50,-0.50,1860
103/12/24,16722021,2300669398,136.00,138.00,136.00,138.00,0.50,4405
103/12/23,19157682,2646448245,139.00,140.00,137.00,137.50,-1.00,6678
103/12/22,34995859,4843397632,137.50,140.00,137.00,138.50,0.50,9339
103/12/19,44591655,6082343984,134.50,138.00,134.00,138.00,6.50,15558
103/12/18,51896344,6846354408,132.00,133.00,131.00,131.50,1.00,11210
103/12/17,84670250,11100215420,133.00,133.00,130.00,130.50,-2.50,18863
103/12/16,41273420,5519760280,134.50,135.50,133.00,133.00,-3.00,10345
103/12/15,45196692,6123590832,134.50,136.50,134.50,136.00,1.00,8533
103/12/12,31504393,4253680055,135.00,136.00,134.50,135.00,0.50,7465
103/12/11,41669260,5634712500,135.00,136.00,134.50,134.50,-1.50,9443
103/12/10,39845261,5453042098,138.00,139.00,136.00,136.00,-2.00,10748
103/12/09,31926886,4410027018,138.00,139.00,137.50,138.00,,6676
103/12/08,19854469,2733903222,138.00,138.50,137.00,138.00,0.50,6184
103/12/05,29431871,4053430541,138.50,139.50,137.00,137.50,-1.50,9981
103/12/04,28276455,3935004245,139.00,140.00,138.50,139.00,1.00,5776
103/12/03,40184369,5545743422,137.50,139.00,136.50,138.00,0.50,8120
103/12/02,54781433,7590847994,139.50,139.50,137.50,137.50,-2.50,10491
103/12/01,50115832,7018698480,139.00,142.00,138.50,140.00,-1.50,10157
103/11/28,36077308,5080693933,139.00,141.50,139.00,141.50,1.50,9303
103/11/27,26580345,3738733402,140.00,142.00,140.00,140.00,1.00,9496
103/11/26,23201396,3216868544,138.50,139.00,138.00,139.00,,5372
103/11/25,42940855,5962095805,138.50,140.00,138.50,139.00,0.50,9531
103/11/24,33408878,4638792664,140.00,140.50,138.00,138.50,,9025
103/11/21,30621113,4227656494,139.50,139.50,137.50,138.50,-0.50,10190
103/11/20,44216108,6111534904,137.50,139.00,137.00,139.00,3.00,14450
103/11/19,71400310,9665049850,133.00,136.50,132.50,136.00,4.50,16907
103/11/18,43227312,5724652806,134.00,134.50,131.00,131.50,-1.50,7505
103/11/17,24772760,3304356080,135.00,135.50,132.50,133.00,-2.00,6380
103/11/14,24361474,3273177648,134.00,135.00,133.50,135.00,1.00,6351
103/11/13,25055094,3348488504,133.50,134.50,132.50,134.00,2.00,6661
103/11/12,27434390,3631228480,134.50,134.50,131.50,132.00,-2.00,7901
103/11/11,20484607,2745359989,135.00,135.00,133.00,134.00,-0.50,7515
103/11/10,43174974,5768165266,132.50,134.50,132.00,134.50,3.50,14569
103/11/07,17385452,2278727212,131.50,131.50,130.50,131.00,-1.00,4984
103/11/06,28559948,3771103320,132.50,132.50,131.50,132.00,,7600
103/11/05,22638263,2980749040,131.50,132.00,131.00,132.00,,6894
103/11/04,32566058,4280472598,132.00,132.00,131.00,132.00,1.00,8649
103/11/03,45307093,5946034891,132.00,132.50,130.50,131.00,0.50,9263
103/10/31,42413458,5477556934,128.00,130.50,127.50,130.50,2.00,8496
103/10/30,35723762,4573685036,128.50,129.00,127.00,128.50,-0.50,6368
103/10/29,34860584,4492215211,129.00,129.50,128.00,129.00,1.00,9425
103/10/28,35018669,4502178132,129.00,129.50,127.50,128.00,,9193
103/10/27,25145300,3198861200,126.50,128.00,126.50,128.00,2.50,6666
103/10/24,42161680,5309444319,127.00,127.50,125.00,125.50,-2.00,11207
103/10/23,28085000,3592328456,128.00,128.50,127.50,127.50,-1.50,7546
103/10/22,65855978,8448819662,127.50,129.00,127.50,129.00,4.00,18767
103/10/21,25647836,3212361500,126.00,126.00,124.50,125.00,-1.00,5980
103/10/20,38619120,4836985013,125.00,126.00,124.50,126.00,2.50,10285
103/10/17,92077567,11471479741,125.00,125.50,123.50,123.50,2.00,17100
103/10/16,46431478,5646852831,121.50,124.00,120.00,121.50,,10408
103/10/15,50496268,6152445530,121.50,123.00,121.00,121.50,0.50,8865
103/10/14,31887790,3860053450,120.00,121.50,119.50,121.00,0.50,7721
103/10/13,77985231,9387511086,119.00,121.50,118.00,120.50,-4.50,17422
103/10/09,37115519,4618115675,124.00,125.00,123.50,125.00,2.50,8511
103/10/08,30938590,3822790343,123.50,125.00,122.50,122.50,-2.50,7052
103/10/07,40188171,5008511591,125.00,125.50,123.50,125.00,-1.00,9286
103/10/06,39292993,4917395077,125.00,126.00,124.00,126.00,1.50,8484
103/10/03,52042943,6451706432,122.50,125.00,122.00,124.50,3.50,13294
103/10/02,30795615,3731056693,121.00,122.50,120.50,121.00,-0.50,7962
103/10/01,42581377,5158093766,120.00,122.00,120.00,121.50,1.50,10354
103/09/30,52027003,6244964032,120.00,121.00,119.00,120.00,-0.50,10098
103/09/29,55071604,6646680084,122.00,122.00,120.00,120.50,-0.50,8787
103/09/26,25408337,3076869614,121.00,121.50,120.50,121.00,-1.00,7565
103/09/25,23840728,2918138416,123.00,124.00,121.50,122.00,-1.00,7472
103/09/24,28552866,3506255498,122.00,124.00,122.00,123.00,0.50,8362
103/09/23,16208733,1988554659,123.00,123.50,122.00,122.50,0.50,4520
103/09/22,40658970,4980563150,124.00,124.00,122.00,122.00,-3.00,12386
103/09/19,30781855,3855838875,125.50,126.00,125.00,125.00,,6541
103/09/18,14791473,1842073367,124.50,125.00,123.50,125.00,0.50,3768
103/09/17,24018511,2981376096,123.50,125.00,123.00,124.50,2.00,6056
103/09/16,19248402,2362531446,123.00,123.00,122.00,122.50,-1.00,4550
103/09/15,19643901,2412393245,122.50,123.50,122.00,123.50,0.50,5926
103/09/12,20299517,2511970309,124.50,125.00,123.00,123.00,-2.00,7012
103/09/11,24328911,3053093835,126.00,126.00,125.00,125.00,,9292
103/09/10,29718910,3704045310,126.00,126.00,124.00,125.00,-2.00,9929
103/09/09,24359374,3094467478,127.50,127.50,126.50,127.00,,5122
103/09/05,20128089,2547458803,128.50,128.50,125.50,127.00,-0.50,6377
103/09/04,22110294,2807139114,128.00,128.00,126.00,127.50,-0.50,6492
103/09/03,24642146,3130801079,127.00,128.00,125.50,128.00,2.00,7148
103/09/02,20057329,2537914440,128.00,128.00,125.50,126.00,-2.50,6797
103/09/01,37523903,4781100964,125.00,128.50,125.00,128.50,4.50,13072
103/08/29,28358752,3524840748,124.50,125.00,124.00,124.00,-1.00,4468
103/08/28,21759522,2719379450,126.00,126.00,124.50,125.00,-0.50,5251
103/08/27,36839048,4624363500,125.50,126.00,124.50,125.50,1.00,8829
103/08/26,30428415,3799853140,125.00,125.50,124.00,124.50,-0.50,6140
103/08/25,21107047,2644467685,125.50,126.00,125.00,125.00,-0.50,5152
103/08/22,42775096,5361134500,124.50,126.00,123.50,125.50,1.00,10719
103/08/21,23089886,2874689300,126.00,126.00,124.00,124.50,-1.00,7165
103/08/20,28975007,3630457375,125.00,125.50,124.50,125.50,1.50,9137
103/08/19,31922961,3971298664,124.00,125.00,123.50,124.00,1.00,8062
103/08/18,14766724,1822155852,124.00,124.00,122.50,123.00,-1.00,3958
103/08/15,19189066,2379577684,124.50,125.00,123.00,124.00,,4823
103/08/14,32955917,4076947208,123.50,124.00,123.00,124.00,1.50,9499
103/08/13,39837469,4865692921,121.00,123.50,120.50,122.50,1.00,8735
103/08/12,32278863,3916887825,121.00,122.00,120.50,121.50,1.00,7524
103/08/11,42993969,5176984237,120.00,121.00,119.50,120.50,,10623
103/08/08,35170150,4226147039,120.50,121.00,119.50,120.50,-1.00,7307
103/08/07,30079734,3630553139,120.50,121.50,119.50,121.50,1.00,8143
103/08/06,38043400,4574500402,119.00,121.50,119.00,120.50,1.00,9762
103/08/05,61536941,7427621354,122.50,122.50,119.50,119.50,-4.00,15190
103/08/04,39730078,4849122094,120.00,123.50,120.00,123.50,3.50,8471
103/08/01,61873796,7431852976,120.00,121.00,119.50,120.00,-1.00,13006
103/07/31,44806071,5461570662,124.00,124.00,121.00,121.00,-3.50,13163
103/07/30,32428969,4031742597,123.50,125.00,123.00,124.50,0.50,7029
103/07/29,40749556,5009947804,122.50,124.00,122.00,124.00,2.50,11381
103/07/28,43514580,5296514760,122.00,122.50,121.00,121.50,-1.50,13121
103/07/25,31609284,3901955314,124.50,125.00,122.50,123.00,-2.00,11359
103/07/24,66041379,8233198975,124.50,125.00,124.00,125.00,0.50,12534
103/07/22,53307488,6611629704,123.50,125.00,122.50,124.50,1.00,12061
103/07/21,58994337,7298292910,124.00,124.50,122.50,123.50,,15070
103/07/18,97366229,11985660029,121.50,124.00,121.50,123.50,-1.00,21786
103/07/17,138665459,17243062335,125.00,125.50,123.00,124.50,-6.00,34866
103/07/16,42072768,5539818008,133.00,133.50,130.00,130.50,-2.50,10001
103/07/15,37976398,5061898434,133.00,134.00,132.50,133.00,0.50,8483
103/07/14,46818367,6256723781,134.50,134.50,132.50,132.50,X,14589
103/07/11,43513681,5946107116,136.00,138.00,135.50,136.50,2.00,11824
103/07/10,51132233,6904690475,134.50,136.00,134.50,134.50,0.50,9008
103/07/09,39336800,5286821200,133.50,135.00,133.50,134.00,-0.50,10775
103/07/08,36299510,4898844484,135.50,136.00,134.00,134.50,-1.50,7852
103/07/07,32207808,4359167895,134.50,136.00,132.50,136.00,1.00,10456
103/07/04,44516194,5982542686,133.50,136.00,132.00,135.00,0.50,13513
103/07/03,41188579,5481357096,131.50,135.00,130.50,134.50,2.00,12822
103/07/02,51623745,6784671858,129.50,132.50,129.00,132.50,4.50,13133
103/07/01,33022537,4220113199,126.50,128.50,126.00,128.00,1.50,7806
103/06/30,38191504,4827284804,126.00,127.00,125.00,126.50,1.00,7469
103/06/27,44450355,5576193375,125.00,126.50,124.00,125.50,1.00,9021
103/06/26,33938460,4216435800,124.50,125.00,123.50,124.50,1.00,5578
103/06/25,31028964,3835858072,123.00,124.50,123.00,123.50,0.50,7395
103/06/24,36234466,4451530440,123.00,123.50,122.00,123.00,,8507
103/06/23,25147462,3108562826,125.00,125.50,123.00,123.00,-1.50,6320
103/06/20,31589978,3951298152,126.50,127.00,124.00,124.50,-1.50,5267
103/06/19,25211563,3163386515,124.50,126.00,124.50,126.00,0.50,5043
103/06/18,38103408,4778941290,125.00,126.50,124.00,125.50,0.50,8642
103/06/17,20568681,2557854737,124.00,125.00,123.00,125.00,1.00,6971
103/06/16,13737288,1691353424,122.50,124.00,122.50,124.00,1.00,5010
103/06/13,17197521,2117623583,123.00,123.50,122.50,123.00,-0.50,4424
103/06/12,22300962,2755883265,124.00,124.00,123.00,123.50,-1.50,5812
103/06/11,27990426,3479529424,124.00,125.00,123.50,125.00,0.50,6589
103/06/10,26661384,3298134327,123.00,124.50,122.50,124.50,1.50,6557
103/06/09,19730824,2424539886,122.50,123.50,122.50,123.00,0.50,5157
103/06/06,19282324,2364596528,123.50,123.50,122.00,122.50,-0.50,4910
103/06/05,19558349,2397329714,123.00,123.50,121.50,123.00,-0.50,4842
103/06/04,33486050,4136552150,123.50,124.00,123.00,123.50,1.00,8162
103/06/03,40522053,4915125996,120.00,122.50,120.00,122.50,3.00,10640
103/05/30,69113681,8318164317,122.00,122.50,119.50,119.50,-2.50,10342
103/05/29,43079080,5267063156,123.50,124.00,121.50,122.00,-2.00,9131
103/05/28,37799997,4658742565,124.00,124.00,122.50,124.00,0.50,8443
103/05/27,18301066,2259936878,122.50,124.00,122.50,123.50,0.50,6092
103/05/26,19854258,2439783565,123.00,123.50,122.00,123.00,1.00,7319
103/05/23,31778175,3866486107,121.00,122.50,121.00,122.00,,6260
103/05/22,26336625,3198768892,121.50,122.00,121.00,122.00,1.50,5227
103/05/21,24218702,2935442563,122.00,122.00,120.50,120.50,-0.50,6337
103/05/20,25402168,3088614323,122.00,122.00,121.00,121.00,,7109
103/05/19,20829956,2524459168,122.00,122.50,121.00,121.00,-1.00,5325
103/05/16,28679719,3497688718,122.00,123.00,121.00,122.00,,7047
103/05/15,16813508,2040805195,121.00,122.00,120.50,122.00,,5040
103/05/14,32903344,3991162751,121.00,122.00,120.50,122.00,1.50,9719
103/05/13,24046010,2894574200,120.00,121.00,119.50,120.50,2.00,7767
103/05/12,37048901,4390300238,119.50,120.00,117.50,118.50,-1.50,6664
103/05/09,23287585,2785144700,120.00,120.00,119.00,120.00,0.50,6405
103/05/08,30096125,3594265403,119.50,120.00,119.00,119.50,1.00,5599
103/05/07,33276563,3931216686,118.00,119.00,117.50,118.50,0.50,6945
103/05/06,27525257,3247099826,117.00,119.00,116.50,118.00,1.00,5217
103/05/05,28887828,3374584476,117.50,118.00,116.00,117.00,-1.00,8961
103/05/02,45030119,5324516642,119.00,119.50,117.00,118.00,-0.50,9573
103/04/30,44124133,5237519729,120.00,120.50,117.00,118.50,-2.00,9169
103/04/29,21811790,2618945800,120.50,121.00,119.00,120.50,1.50,4991
103/04/28,28068430,3344699670,118.50,120.00,117.50,119.00,0.50,7030
103/04/25,49438252,5889185811,121.00,121.00,118.00,118.50,-2.50,11457
103/04/24,25524592,3080805399,121.00,121.00,120.00,121.00,,6289
103/04/23,34358023,4181126643,123.00,123.00,120.50,121.00,-0.50,8145
103/04/22,27034052,3282075077,121.00,122.50,120.50,121.50,,5886
103/04/21,24162522,2938646120,122.00,122.00,121.00,121.50,-1.50,5868
103/04/18,32921335,4023630870,122.50,123.00,121.00,123.00,3.00,9515
103/04/17,36418501,4374322920,120.50,121.50,119.00,120.00,-1.00,9152
103/04/16,51075652,6208178396,121.50,122.50,121.00,121.00,-1.50,10989
103/04/15,29397114,3579955408,121.50,122.50,121.00,122.50,2.00,9839
103/04/14,31053034,3738450410,120.00,121.00,120.00,120.50,0.50,8739
103/04/11,34847792,4153152840,118.50,120.00,118.00,120.00,0.50,7639
103/04/10,27215773,3243663187,119.00,119.50,118.50,119.50,0.50,7229
103/04/09,29648114,3548296766,119.50,120.00,119.00,119.00,,8284
103/04/08,43894168,5173993549,117.00,119.50,117.00,119.00,1.50,9396
103/04/07,45254843,5305535631,117.50,118.00,116.50,117.50,-1.00,11316
103/04/03,37000420,4374998060,118.50,119.00,117.50,118.50,-1.50,10198
103/04/02,43684651,5238971816,120.50,121.00,119.00,120.00,0.50,9400
103/04/01,40636462,4834224978,119.00,119.50,118.50,119.50,1.00,12571
103/03/31,47146441,5550959038,118.00,118.50,116.50,118.50,1.00,8839
103/03/28,43794489,5107684713,116.00,117.50,115.50,117.50,1.50,12521
103/03/27,31399282,3609273026,114.50,116.00,114.00,116.00,0.50,8641
103/03/26,45234160,5211750315,115.50,116.00,114.50,115.50,2.00,12860
103/03/25,38070794,4291636589,111.50,113.50,111.50,113.50,1.00,6933
103/03/24,29607569,3320400583,111.50,112.50,111.50,112.50,,7098
103/03/21,60438012,6807696918,114.00,114.00,112.00,112.50,0.50,7294
103/03/20,46512209,5232891154,113.00,113.50,112.00,112.00,-2.50,13078
103/03/19,35237094,4023833316,114.50,115.00,113.50,114.50,,6589
103/03/18,37517456,4285097984,114.50,115.00,113.50,114.50,0.50,7396
103/03/17,33910334,3854652365,114.50,115.00,113.00,114.00,-1.00,8995
103/03/14,47105032,5396134366,115.00,115.50,114.00,115.00,-1.50,12132
103/03/13,59080824,6890677534,116.50,117.50,115.50,116.50,3.50,16969
103/03/12,18414771,2073574352,112.50,113.00,112.00,113.00,-1.00,5218
103/03/11,29182885,3324036739,113.50,114.50,113.50,114.00,1.00,9133
103/03/10,38430338,4354521623,114.50,114.50,112.50,113.00,-1.50,9237
103/03/07,66916749,7649451186,114.00,115.00,113.50,114.50,1.50,17219
103/03/06,72622868,8142187484,110.00,113.50,110.00,113.00,3.00,18144
103/03/05,55447701,6074004809,108.50,110.00,108.50,110.00,2.50,16511
103/03/04,48939593,5273707058,108.00,108.00,107.50,107.50,-0.50,9493
103/03/03,62467129,6706761665,108.00,108.00,106.50,108.00,,10046
103/02/27,49352141,5323712132,107.50,108.00,107.50,108.00,0.50,7531
103/02/26,34982996,3762870072,107.50,108.00,107.00,107.50,-0.50,5182
103/02/25,34350129,3685266810,107.50,108.00,106.50,108.00,1.00,6570
103/02/24,32057819,3435891697,107.50,108.00,106.00,107.00,-0.50,6992
103/02/21,31505340,3381313380,107.00,107.50,107.00,107.50,1.00,7819
103/02/20,28469515,3029358090,106.50,107.00,106.00,106.50,-1.50,6646
103/02/19,28886535,3102602484,108.00,108.00,107.00,108.00,,7006
103/02/18,22289965,2403989204,108.50,108.50,107.50,108.00,-0.50,5778
103/02/17,34368373,3714458464,108.00,108.50,107.50,108.50,1.00,11664
103/02/14,42737744,4578772108,106.50,107.50,106.50,107.50,2.50,14580
103/02/13,19625423,2067832915,105.00,106.00,105.00,105.00,,5781
103/02/12,25305882,2661441170,105.00,105.50,104.50,105.00,0.50,7138
103/02/11,23523880,2436083720,104.50,105.00,104.00,104.50,1.50,6947
103/02/10,26243521,2725145903,104.00,104.50,103.00,103.00,-1.00,7897
103/02/07,54185812,5628604948,103.50,104.50,103.00,104.00,2.00,14854
103/02/06,73840243,7540841366,101.00,103.00,101.00,102.00,1.50,16321
103/02/05,147198405,14922299001,102.00,102.00,100.50,100.50,-4.50,37866
103/01/27,65271057,6848753986,106.00,106.50,104.00,105.00,-3.00,17118
103/01/24,34059356,3671261247,107.00,108.50,107.00,108.00,0.50,8172
103/01/23,28308805,3055374935,108.50,108.50,107.50,107.50,,7461
103/01/22,28726849,3065077343,106.00,107.50,106.00,107.50,1.00,7549
103/01/21,25121036,2695028292,108.50,108.50,106.00,106.50,-1.00,6334
103/01/20,24299123,2622482683,107.00,108.50,107.00,107.50,,8533
103/01/17,55767194,6014453565,108.00,108.50,107.00,107.50,0.50,15038
103/01/16,49601100,5301040094,106.00,107.50,106.00,107.00,2.00,16279
103/01/15,54458036,5722578780,104.00,106.00,104.00,105.00,1.50,15415
103/01/14,21718294,2237629782,102.50,103.50,102.00,103.50,0.50,5256
103/01/13,22080716,2273073754,103.00,103.50,102.50,103.00,1.00,6282
103/01/10,36289948,3703540624,102.00,102.50,101.50,102.00,1.00,7619
103/01/09,64221769,6522626520,102.50,103.00,100.50,101.00,-3.00,19873
103/01/08,30933475,3209563219,103.00,104.50,102.50,104.00,2.00,7305
103/01/07,18803694,1907188388,102.50,103.00,102.00,102.00,-0.50,5529
103/01/06,23729719,2432745661,102.00,103.00,102.00,102.50,,4874
103/01/03,41160529,4220062918,103.00,103.00,102.00,102.50,-2.00,8524
103/01/02,15133724,1578860796,105.00,105.50,103.50,104.50,-1.00,4136
102/12/31,24484653,2582678065,105.50,106.00,105.00,105.50,-0.50,6632
102/12/30,44280098,4659244781,104.00,106.00,104.00,106.00,1.50,10564
102/12/27,24135217,2507210568,103.50,104.50,103.00,104.50,0.50,5626
102/12/26,6793911,704185262,103.00,104.00,103.00,104.00,1.00,1135
102/12/25,9789067,1008674401,102.50,103.50,102.50,103.00,,2848
102/12/24,14079188,1454251243,104.00,104.00,103.00,103.00,-1.00,3724
102/12/23,28393645,2950613229,103.00,104.50,103.00,104.00,2.00,6994
102/12/20,37618688,3848115676,101.50,103.50,101.50,102.00,-0.50,8353
102/12/19,27824774,2839659307,102.00,103.00,101.50,102.50,1.50,6192
102/12/18,66102080,6714534840,102.50,103.00,101.00,101.00,-2.50,15072
102/12/17,26232839,2719517917,103.00,104.50,103.00,103.50,1.50,6356
102/12/16,18772079,1920338558,102.50,103.00,102.00,102.00,-0.50,6032
102/12/13,28297055,2910409165,102.50,103.50,102.50,102.50,-0.50,7034
102/12/12,18536758,1918939414,104.50,104.50,103.00,103.00,-2.00,5445
102/12/11,24614282,2572981941,103.50,105.00,103.50,105.00,1.00,7385
102/12/10,22935827,2395317608,104.50,105.00,104.00,104.00,-1.00,4643
102/12/09,23971547,2508093125,104.00,105.00,104.00,105.00,2.00,5324
102/12/06,25358888,2629648379,103.00,104.50,103.00,103.00,-1.00,5835
102/12/05,25209310,2621454740,105.00,105.00,103.50,104.00,-1.00,5844
102/12/04,23630506,2477199932,103.50,105.50,103.50,105.00,1.00,5304
102/12/03,26811219,2795162276,104.00,105.00,103.50,104.00,-0.50,4779
102/12/02,19042556,1994578324,105.00,105.50,104.00,104.50,-0.50,4418
102/11/29,34465306,3609926445,104.50,105.00,104.00,105.00,,5923
102/11/28,22995978,2413773679,105.00,105.50,104.50,105.00,,6169
102/11/27,22853577,2391973585,105.00,105.50,104.50,105.00,1.50,6528
102/11/26,47194676,4885738532,102.00,105.00,101.50,103.50,2.50,11490
102/11/25,30949392,3142230092,101.00,102.50,101.00,101.00,1.00,7929
102/11/22,57158109,5760006926,100.00,101.50,100.00,100.00,-1.00,13182
102/11/21,57002648,5764943473,102.00,103.00,100.50,101.00,-2.00,14431
102/11/20,46675350,4813555110,104.00,104.00,102.50,103.00,-2.00,10990
102/11/19,34510121,3613948121,104.50,105.50,104.00,105.00,1.00,8014
102/11/18,25297464,2641543756,104.50,105.00,104.00,104.00,,6957
102/11/15,19904673,2068729812,103.50,104.50,103.50,104.00,0.50,5083
102/11/14,29933608,3113410393,104.00,104.50,103.50,103.50,0.50,7251
102/11/13,26708973,2772020219,105.00,105.00,103.00,103.00,-2.00,8182
102/11/12,31992852,3363418490,106.00,106.00,104.50,105.00,0.50,6868
102/11/11,21491766,2253064518,105.00,106.00,104.50,104.50,-1.50,8709
102/11/08,31481367,3333228352,105.00,106.50,105.00,106.00,-1.00,7421
102/11/07,15944496,1700975572,107.00,107.50,106.00,107.00,,5026
102/11/06,17440575,1865571385,106.50,107.50,106.50,107.00,0.50,7155
102/11/05,21861325,2348231599,108.50,109.00,106.50,106.50,-2.50,6414
102/11/04,9642456,1047704248,108.00,109.00,108.00,109.00,-0.50,4622
102/11/01,10870454,1190799986,110.50,110.50,108.50,109.50,,3795
102/10/31,23098870,2520404080,108.50,109.50,108.00,109.50,-0.50,4626
102/10/30,16768421,1836449949,109.00,110.00,109.00,110.00,0.50,4443
102/10/29,21531323,2344396207,108.50,109.50,108.00,109.50,,4061
102/10/28,21241672,2317241248,108.00,109.50,107.50,109.50,2.50,5634
102/10/25,37244499,4000380973,108.50,109.00,106.50,107.00,-3.00,11658
102/10/24,21570336,2359165210,109.00,110.00,108.50,110.00,-1.00,7246
102/10/23,23057730,2551942600,111.00,111.50,110.00,111.00,-0.50,5675
102/10/22,39837171,4417862980,110.00,111.50,109.50,111.50,1.50,8828
102/10/21,41327324,4564211140,111.00,111.50,109.50,110.00,,9241
102/10/17,28186591,3025093891,107.50,108.00,107.00,107.00,1.00,7058
102/10/16,19077342,2035487538,108.00,108.00,106.00,106.00,-1.00,5610
